"Screen_Tech","Labelled energy consumption (kWh/year)","screensize_inch"
"LCD (LED)",58,16
"LCD (LED)",58,16
"LCD (LED)",56,16
"LCD (LED)",60,18
"LCD (LED)",75,19
"LCD (LED)",75,19
"LCD (LED)",61,19
"LCD (LED)",62,19
"LCD (LED)",62,19
"LCD (LED)",62,19
"LCD (LED)",60,19
"LCD (LED)",67,19
"LCD (LED)",62,19
"LCD",62,19
"LCD",73,19
"LCD (LED)",58,19
"LCD (LED)",58,19
"LCD",56,19
"LCD",81,19
"LCD",106,21
"LCD (LED)",68,21
"LCD (LED)",76,22
"LCD (LED)",93,22
"LCD (LED)",102,22
"LCD",95,22
"LCD (LED)",78,22
"LCD (LED)",65,23
"LCD",90,23
"LCD",90,23
"LCD (LED)",68,24
"LCD (LED)",110,24
"LCD (LED)",76,24
"LCD",100,24
"LCD (LED)",77,24
"LCD (LED)",67,24
"LCD (LED)",70,24
"LCD",85,24
"LCD (LED)",68,24
"LCD",85,24
"LCD (LED)",68,24
"LCD (LED)",70,24
"LCD (LED)",70,24
"LCD (LED)",84,24
"LCD (LED)",85,24
"LCD (LED)",78,24
"LCD (LED)",95,24
"LCD",87,24
"LCD (LED)",107,24
"LCD",84,24
"LCD",84,24
"LCD",82,24
"LCD (LED)",90,24
"LCD (LED)",91,24
"LCD (LED)",68,24
"LCD (LED)",68,24
"LCD (LED)",82,24
"LCD (LED)",83,24
"LCD",67,24
"LCD (LED)",70,24
"LCD (LED)",68,24
"LCD (LED)",70,24
"LCD (LED)",100,24
"LCD",53,24
"LCD",120,24
"LCD (LED)",105,24
"LCD (LED)",105,24
"LCD",112,24
"LCD (LED)",90,24
"LCD (LED)",108,24
"LCD (LED)",102,24
"LCD (LED)",83,24
"LCD (LED)",66,24
"LCD",66,24
"LCD (LED)",84,24
"LCD (LED)",61,24
"LCD (LED)",70,24
"LCD (LED)",79,24
"LCD (LED)",96,24
"LCD",90,24
"LCD (LED)",70,24
"LCD (LED)",78,24
"LCD (LED)",95,24
"LCD",78,24
"LCD",78,24
"LCD",78,24
"LCD (LED)",82,24
"LCD (LED)",60,24
"LCD (LED)",110,24
"LCD",66,24
"LCD (LED)",96,24
"LCD (LED)",65,24
"LCD (LED)",110,24
"LCD (LED)",67,24
"LCD",76,24
"LCD",91,24
"LCD",94,24
"LCD",83,24
"LCD",94,24
"LCD",107,24
"LCD (LED)",76,24
"LCD (LED)",67,24
"LCD (LED)",82,24
"LCD",107,24
"LCD",66,24
"LCD (LED)",105,24
"LCD (LED)",74,24
"LCD (LED)",106,24
"LCD (LED)",95,24
"LCD (LED)",69,24
"LCD (LED)",76,24
"LCD",68,24
"LCD",68,24
"LCD (LED)",78,24
"LCD",68,24
"LCD (LED)",76,24
"LCD (LED)",59,24
"LCD (LED)",85,24
"LCD",81,24
"LCD (LED)",59,24
"LCD",83,24
"LCD",83,24
"LCD (LED)",88,24
"LCD (LED)",94,24
"LCD",81,24
"LCD",94,24
"LCD (LED)",83,24
"LCD (LED)",158,27
"LCD",59,27
"LCD (LED)",92,27
"LCD (LED)",158,30
"LCD (LED)",104,31
"LCD (LED)",104,31
"LCD (LED)",104,31
"LCD (LED)",104,31
"LCD",130,31
"LCD (LED)",104,31
"LCD (LED)",145,31
"LCD (LED)",131,31
"LCD",130,31
"LCD (LED)",110,31
"LCD (LED)",110,31
"LCD (LED)",112,31
"LCD (LED)",104,31
"LCD (LED)",160,31
"LCD (LED)",104,31
"LCD (LED)",104,31
"LCD (LED)",99,31
"LCD (LED)",104,31
"LCD (LED)",110,31
"LCD (LED)",116,31
"LCD (LED)",110,31
"LCD (LED)",130,31
"LCD (LED)",130,31
"LCD (LED)",145,31
"LCD (LED)",130,31
"LCD (LED)",104,31
"LCD (LED)",145,31
"LCD (LED)",152,31
"LCD (LED)",140,31
"LCD",130,31
"LCD",130,31
"LCD (LED)",130,31
"LCD (LED)",134,31
"LCD (LED)",130,31
"LCD (LED)",134,31
"LCD",130,31
"LCD",92,31
"LCD (LED)",116,31
"LCD (LED)",146,32
"LCD (LED)",109,32
"LCD (LED)",116,32
"LCD (LED)",119,32
"LCD (LED)",114,32
"LCD",127,32
"LCD (LED)",140,32
"LCD (LED)",114,32
"LCD (LED)",130,32
"LCD (LED)",104,32
"LCD (LED)",123,32
"LCD",98,32
"LCD (LED)",125,32
"LCD (LED)",138,32
"LCD (LED)",134,32
"LCD (LED)",110,32
"LCD (LED)",105,32
"LCD (LED)",99,32
"LCD (LED)",110,32
"LCD (LED)",98,32
"LCD (LED)",98,32
"LCD (LED)",120,32
"LCD (LED)",135,32
"LCD",128,32
"LCD (LED)",102,32
"LCD (LED)",132,32
"LCD (LED)",115,32
"LCD",101,32
"LCD (LED)",110,32
"LCD",99,32
"LCD",99,32
"LCD (LED)",145,32
"LCD (LED)",116,32
"LCD",101,32
"LCD (LED)",151,32
"LCD (LED)",115,32
"LCD (LED)",131,32
"LCD",103,32
"LCD (LED)",104,32
"LCD (LED)",146,32
"LCD",131,32
"LCD (LED)",110,32
"LCD",118,32
"LCD (LED)",151,32
"LCD",118,32
"LCD",118,32
"LCD (LED)",148,32
"LCD",119,32
"LCD",105,32
"LCD (LED)",110,32
"LCD",102,32
"LCD",90,32
"LCD (LED)",118,32
"LCD (LED)",123,32
"LCD",90,32
"LCD",90,32
"LCD (LED)",124,32
"LCD",89,32
"LCD (LED)",110,32
"LCD (LED)",122,32
"LCD (LED)",140,32
"LCD",102,32
"LCD",129,32
"LCD (LED)",95,32
"LCD (LED)",150,32
"LCD (LED)",110,32
"LCD (LED)",180,32
"LCD (LED)",127,32
"LCD (LED)",150,32
"LCD (LED)",118,32
"LCD (LED)",163,32
"LCD (LED)",105,32
"LCD (LED)",93,32
"LCD (LED)",131,32
"LCD",145,32
"LCD",90,32
"LCD (LED)",110,32
"LCD (LED)",130,32
"LCD (LED)",130,32
"LCD",108,32
"LCD (LED)",125,32
"LCD (LED)",125,32
"LCD",108,32
"LCD (LED)",101,32
"LCD (LED)",151,32
"LCD",89,32
"LCD",89,32
"LCD (LED)",131,32
"LCD (LED)",131,32
"LCD",131,32
"LCD (LED)",133,32
"LCD (LED)",105,32
"LCD (LED)",95,32
"LCD (LED)",145,32
"LCD (LED)",116,32
"LCD (LED)",101,32
"LCD (LED)",131,32
"LCD (LED)",125,32
"LCD (LED)",90,32
"LCD (LED)",116,32
"LCD (LED)",145,32
"LCD (LED)",125,32
"LCD (LED)",93,32
"LCD",130,32
"LCD (LED)",125,32
"LCD (LED)",130,32
"LCD",119,32
"LCD (LED)",97,32
"LCD (LED)",101,32
"LCD (LED)",102,32
"LCD (LED)",145,32
"LCD (LED)",131,32
"LCD (LED)",106,32
"LCD (LED)",102,32
"LCD (LED)",101,32
"LCD (LED)",131,32
"LCD (LED)",125,32
"LCD (LED)",131,32
"LCD (LED)",145,32
"LCD (LED)",131,32
"LCD (LED)",110,32
"LCD (LED)",116,32
"LCD",101,32
"LCD (LED)",60,32
"LCD (LED)",89,32
"LCD (LED)",100,32
"LCD (LED)",127,32
"LCD (LED)",112,32
"LCD (LED)",112,32
"LCD (LED)",60,32
"LCD (LED)",112,32
"LCD (LED)",116,32
"LCD (LED)",89,32
"LCD",131,32
"LCD (LED)",127,32
"LCD (LED)",116,32
"LCD (LED)",110,32
"LCD (LED)",100,32
"LCD (LED)",145,32
"LCD (LED)",175,34
"LCD (LED)",138,38
"LCD (LED)",148,39
"LCD",155,39
"LCD (LED)",218,39
"LCD",151,39
"LCD (LED)",149,39
"LCD",151,39
"LCD",131,39
"LCD (LED)",185,39
"LCD (LED)",141,39
"LCD (LED)",141,39
"LCD (LED)",189,39
"LCD (LED)",151,39
"LCD (LED)",148,39
"LCD (LED)",151,39
"LCD",150,39
"LCD",150,39
"LCD",149,39
"LCD",150,39
"LCD (LED)",144,39
"LCD (LED)",149,39
"LCD (LED)",180,39
"LCD (LED)",189,39
"LCD (LED)",180,39
"LCD (LED)",149,39
"LCD (LED)",148,39
"LCD",189,39
"LCD (LED)",148,39
"LCD (LED)",151,39
"LCD (LED)",140,39
"LCD (LED)",148,39
"LCD (LED)",140,39
"LCD (LED)",165,40
"LCD (LED)",135,40
"LCD (LED)",155,40
"LCD (LED)",202,40
"LCD (LED)",211,40
"LCD (LED)",175,40
"LCD (LED)",151,40
"LCD (LED)",151,40
"LCD (LED)",151,40
"LCD (LED)",122,40
"LCD (LED)",151,40
"LCD (LED)",151,40
"LCD (LED)",151,40
"LCD",252,40
"LCD",155,40
"LCD (LED)",135,40
"LCD (LED)",135,40
"LCD (LED)",151,40
"LCD",186,40
"LCD",186,40
"LCD (LED)",140,40
"LCD",175,40
"LCD",151,40
"LCD",151,40
"LCD",175,40
"LCD (LED)",175,40
"LCD (LED)",180,40
"LCD",186,40
"LCD",186,40
"LCD (LED)",121,40
"LCD (LED)",189,40
"LCD (LED)",210,40
"LCD",181,40
"LCD (LED)",158,40
"LCD (LED)",210,40
"LCD (LED)",126,40
"LCD (LED)",210,40
"LCD (LED)",183,40
"LCD (LED)",183,40
"LCD (LED)",189,40
"LCD (LED)",259,40
"LCD (LED)",144,40
"LCD (LED)",198,40
"LCD",92,40
"LCD (LED)",173,40
"LCD (LED)",151,40
"LCD (LED)",198,40
"LCD (LED)",121,40
"LCD",176,40
"LCD (LED)",166,40
"LCD (LED)",152,40
"LCD (LED)",189,40
"LCD (LED)",167,40
"LCD",186,40
"LCD (LED)",149,40
"LCD (LED)",162,40
"LCD",186,40
"LCD",230,40
"LCD",230,40
"LCD (LED)",121,40
"LCD",123,40
"LCD",150,40
"LCD (LED)",137,40
"LCD (LED)",135,40
"LCD (LED)",140,40
"LCD (LED)",152,40
"LCD (LED)",152,40
"LCD (LED)",137,40
"LCD (LED)",167,40
"LCD (LED)",165,40
"LCD (LED)",135,40
"LCD (LED)",167,40
"LCD (LED)",167,40
"LCD (LED)",155,41
"LCD (LED)",160,41
"LCD",230,41
"LCD",157,41
"LCD (LED)",159,41
"LCD (LED)",163,41
"LCD (LED)",163,41
"LCD",180,41
"LCD (LED)",205,41
"LCD (LED)",235,42
"LCD (LED)",206,42
"LCD (LED)",193,42
"LCD (LED)",170,42
"LCD",178,42
"LCD (LED)",235,42
"LCD (LED)",240,42
"LCD (LED)",188,42
"LCD (LED)",177,42
"LCD (LED)",159,42
"LCD (LED)",174,42
"OLED",232,42
"OLED",232,42
"OLED",256,42
"LCD",235,42
"LCD (LED)",216,42
"LCD (LED)",240,42
"OLED",232,42
"OLED",232,42
"LCD (LED)",206,42
"OLED",232,42
"OLED",232,42
"LCD",269,42
"LCD",176,42
"LCD",176,42
"LCD (LED)",180,42
"LCD (LED)",203,42
"LCD (LED)",197,42
"LCD",199,42
"LCD",199,42
"LCD",199,42
"OLED",232,42
"OLED",232,42
"LCD",260,42
"OLED",232,42
"OLED",223,42
"LCD",205,42
"LCD (LED)",235,42
"LCD (LED)",230,42
"LCD (LED)",240,42
"LCD (LED)",240,42
"OLED",258,42
"OLED",258,42
"LCD (LED)",229,42
"LCD (LED)",229,42
"LCD",205,42
"LCD (LED)",214,42
"LCD (LED)",208,42
"LCD (LED)",208,42
"OLED",271,42
"LCD (LED)",210,42
"LCD",150,42
"LCD (LED)",204,42
"OLED",240,42
"OLED",240,42
"LCD (LED)",248,42
"LCD (LED)",194,42
"LCD (LED)",200,42
"OLED",192,42
"LCD (LED)",188,43
"LCD (LED)",180,43
"LCD (LED)",149,43
"LCD (LED)",280,43
"LCD (LED)",280,43
"LCD (LED)",287,43
"LCD (LED)",287,43
"LCD (LED)",255,43
"LCD (LED)",291,43
"LCD (LED)",291,43
"LCD (LED)",291,43
"LCD (LED)",243,43
"LCD (LED)",339,43
"LCD (LED)",226,43
"LCD",234,43
"LCD (LED)",364,43
"LCD (LED)",255,43
"LCD (LED)",259,43
"LCD (LED)",255,43
"LCD (LED)",293,43
"LCD (LED)",240,43
"LCD (LED)",287,43
"LCD",220,43
"LCD (LED)",291,43
"LCD (LED)",269,43
"LCD (LED)",255,43
"LCD (LED)",266,43
"LCD (LED)",160,43
"LCD (LED)",237,43
"LCD (LED)",208,43
"LCD (LED)",171,43
"LCD",240,43
"LCD (LED)",255,43
"LCD (LED)",140,43
"LCD (LED)",216,43
"LCD (LED)",261,43
"LCD (LED)",194,43
"LCD",191,43
"LCD (LED)",276,43
"LCD (LED)",276,43
"LCD (LED)",284,43
"LCD (LED)",276,43
"LCD (LED)",276,43
"LCD (LED)",270,43
"LCD (LED)",364,43
"LCD (LED)",287,43
"LCD (LED)",339,43
"LCD (LED)",269,43
"LCD (LED)",302,43
"LCD (LED)",251,43
"LCD (LED)",259,43
"LCD (LED)",306,43
"LCD (LED)",286,43
"LCD (LED)",218,43
"LCD (LED)",138,43
"LCD (LED)",270,43
"LCD (LED)",214,43
"LCD (LED)",284,43
"LCD (LED)",215,43
"LCD (LED)",215,43
"LCD (LED)",162,43
"LCD (LED)",259,43
"LCD (LED)",276,43
"LCD (LED)",181,43
"LCD (LED)",170,43
"LCD",172,43
"LCD (LED)",259,43
"LCD (LED)",269,43
"LCD (LED)",269,43
"LCD (LED)",160,43
"LCD (LED)",259,43
"LCD (LED)",259,43
"LCD (LED)",269,43
"LCD (LED)",269,43
"LCD (LED)",288,43
"LCD (LED)",212,43
"LCD (LED)",220,43
"LCD (LED)",170,43
"LCD (LED)",144,43
"LCD (LED)",200,43
"LCD (LED)",269,43
"LCD (LED)",269,43
"LCD (LED)",214,43
"LCD (LED)",258,43
"LCD (LED)",302,43
"LCD (LED)",259,43
"LCD (LED)",397,43
"LCD (LED)",243,43
"LCD (LED)",259,43
"LCD (LED)",353,43
"LCD (LED)",200,43
"LCD (LED)",212,43
"LCD (LED)",159,43
"LCD (LED)",162,43
"LCD (LED)",273,43
"LCD (LED)",334,43
"LCD (LED)",221,43
"LCD (LED)",214,43
"LCD (LED)",327,43
"LCD (LED)",155,43
"LCD (LED)",178,43
"LCD (LED)",210,43
"LCD (LED)",173,43
"LCD (LED)",259,43
"LCD (LED)",134,43
"LCD (LED)",259,43
"LCD",212,43
"LCD (LED)",212,43
"LCD",196,43
"LCD (LED)",247,43
"LCD (LED)",247,43
"LCD (LED)",233,43
"LCD (LED)",236,43
"LCD (LED)",237,43
"LCD (LED)",258,43
"LCD (LED)",269,43
"LCD (LED)",269,43
"LCD (LED)",339,43
"LCD (LED)",258,43
"LCD (LED)",262,43
"LCD (LED)",214,43
"LCD (LED)",338,43
"LCD (LED)",240,43
"LCD (LED)",170,43
"LCD (LED)",247,43
"LCD (LED)",247,43
"LCD (LED)",194,43
"LCD (LED)",251,43
"LCD (LED)",291,43
"LCD (LED)",242,43
"LCD (LED)",251,43
"LCD",165,43
"LCD (LED)",229,43
"LCD (LED)",262,43
"LCD (LED)",269,43
"LCD (LED)",258,43
"LCD (LED)",137,43
"LCD (LED)",134,43
"LCD",172,43
"LCD",172,43
"LCD (LED)",159,43
"LCD (LED)",258,43
"LCD (LED)",258,43
"LCD (LED)",236,43
"LCD (LED)",236,43
"LCD (LED)",182,43
"LCD (LED)",163,43
"LCD (LED)",259,43
"LCD (LED)",170,43
"LCD (LED)",258,43
"LCD",196,43
"LCD (LED)",258,43
"LCD (LED)",229,43
"LCD (LED)",220,43
"LCD (LED)",255,43
"LCD (LED)",251,43
"LCD (LED)",242,43
"LCD",172,43
"LCD (LED)",203,43
"LCD (LED)",251,43
"LCD (LED)",251,43
"LCD (LED)",175,43
"LCD (LED)",145,43
"LCD (LED)",251,43
"LCD (LED)",212,43
"LCD (LED)",244,43
"LCD (LED)",214,43
"LCD (LED)",170,43
"LCD (LED)",269,43
"LCD (LED)",173,43
"LCD (LED)",185,43
"LCD (LED)",184,43
"LCD (LED)",194,43
"LCD (LED)",215,43
"LCD (LED)",227,43
"LCD",196,43
"LCD (LED)",240,43
"LCD (LED)",163,43
"LCD (LED)",258,43
"LCD (LED)",229,43
"LCD (LED)",258,43
"LCD (LED)",242,43
"LCD",245,46
"OLED",327,48
"OLED",327,48
"OLED",280,48
"OLED",280,48
"LCD (LED)",175,48
"OLED",280,48
"OLED",284,48
"OLED",284,48
"OLED",315,48
"OLED",285,48
"OLED",284,48
"OLED",284,48
"OLED",274,48
"OLED",276,48
"OLED",276,48
"OLED",284,48
"OLED",284,48
"OLED",289,48
"OLED",291,48
"OLED",291,48
"OLED",287,48
"LCD (LED)",295,48
"OLED",311,48
"OLED",331,48
"OLED",280,48
"OLED",280,48
"OLED",273,48
"LCD (LED)",291,48
"OLED",229,48
"OLED",229,48
"OLED",225,48
"OLED",214,48
"LCD (LED)",318,49
"LCD (LED)",315,49
"LCD (LED)",352,49
"LCD (LED)",331,49
"LCD (LED)",331,49
"LCD (LED)",295,49
"LCD (LED)",380,49
"LCD (LED)",287,49
"LCD (LED)",287,49
"LCD (LED)",342,49
"LCD (LED)",269,49
"LCD (LED)",269,49
"LCD (LED)",342,49
"LCD (LED)",262,49
"LCD (LED)",266,49
"LCD (LED)",331,49
"LCD (LED)",291,49
"LCD (LED)",353,49
"LCD (LED)",339,49
"LCD",313,49
"LCD (LED)",265,49
"LCD (LED)",397,49
"LCD (LED)",335,49
"LCD (LED)",421,49
"LCD (LED)",335,49
"LCD (LED)",470,49
"LCD (LED)",335,49
"LCD (LED)",339,49
"LCD (LED)",380,49
"LCD (LED)",284,49
"LCD (LED)",284,49
"LCD (LED)",265,49
"LCD (LED)",338,49
"LCD (LED)",349,49
"LCD (LED)",288,49
"LCD (LED)",288,49
"LCD (LED)",302,49
"LCD (LED)",287,49
"LCD (LED)",370,49
"LCD (LED)",313,49
"LCD (LED)",262,49
"LCD (LED)",287,49
"LCD (LED)",312,49
"LCD",354,49
"LCD (LED)",331,49
"LCD (LED)",331,49
"LCD (LED)",295,49
"LCD (LED)",295,49
"LCD (LED)",287,49
"LCD (LED)",331,49
"LCD (LED)",331,49
"LCD (LED)",346,49
"LCD (LED)",412,49
"LCD (LED)",353,49
"LCD (LED)",342,49
"LCD",226,49
"LCD (LED)",276,49
"LCD (LED)",342,49
"LCD (LED)",507,49
"LCD (LED)",291,49
"LCD (LED)",295,49
"LCD (LED)",331,49
"LCD (LED)",278,49
"LCD (LED)",347,49
"LCD (LED)",284,49
"LCD (LED)",307,49
"LCD",354,49
"LCD",220,49
"LCD",220,49
"LCD (LED)",265,49
"LCD (LED)",329,49
"LCD (LED)",346,49
"LCD (LED)",248,49
"LCD (LED)",342,49
"LCD (LED)",270,49
"LCD (LED)",310,49
"LCD (LED)",284,49
"LCD (LED)",287,49
"LCD (LED)",295,49
"LCD (LED)",269,49
"LCD (LED)",220,49
"LCD",376,49
"LCD (LED)",331,49
"LCD",225,49
"LCD",253,49
"LCD (LED)",277,49
"LCD",225,49
"LCD (LED)",382,49
"LCD",225,49
"LCD (LED)",312,49
"LCD",225,49
"LCD (LED)",280,49
"LCD (LED)",295,49
"LCD (LED)",295,49
"LCD (LED)",346,49
"LCD (LED)",287,49
"LCD (LED)",287,49
"LCD (LED)",190,49
"LCD (LED)",287,49
"LCD (LED)",287,49
"LCD (LED)",348,49
"LCD (LED)",277,49
"LCD (LED)",329,49
"LCD (LED)",400,49
"LCD (LED)",212,49
"LCD (LED)",287,49
"LCD (LED)",287,49
"LCD",225,49
"LCD",376,49
"LCD (LED)",265,49
"LCD (LED)",251,49
"LCD (LED)",251,49
"LCD (LED)",295,49
"LCD (LED)",280,49
"LCD (LED)",276,49
"LCD (LED)",167,49
"LCD (LED)",276,49
"LCD (LED)",204,49
"LCD (LED)",276,49
"LCD (LED)",269,49
"LCD",376,49
"LCD (LED)",390,49
"LCD",246,49
"LCD (LED)",220,49
"LCD (LED)",295,49
"LCD",413,49
"LCD (LED)",149,49
"LCD (LED)",295,49
"LCD (LED)",310,49
"LCD",407,49
"LCD (LED)",265,49
"LCD (LED)",396,49
"LCD (LED)",251,49
"LCD (LED)",244,49
"LCD (LED)",299,49
"LCD (LED)",305,49
"LCD (LED)",305,49
"LCD (LED)",305,49
"LCD (LED)",295,49
"LCD (LED)",295,49
"LCD (LED)",302,49
"LCD (LED)",343,49
"LCD (LED)",331,49
"LCD (LED)",270,49
"LCD (LED)",262,49
"LCD",376,49
"LCD (LED)",300,49
"LCD (LED)",200,49
"LCD (LED)",390,49
"LCD (LED)",251,49
"LCD (LED)",210,49
"LCD (LED)",262,49
"LCD (LED)",284,49
"LCD (LED)",343,49
"LCD (LED)",306,49
"LCD (LED)",305,49
"LCD (LED)",305,49
"LCD (LED)",149,49
"LCD (LED)",335,49
"LCD (LED)",251,49
"LCD (LED)",251,49
"LCD (LED)",305,49
"LCD (LED)",305,49
"LCD (LED)",251,49
"LCD (LED)",298,49
"LCD (LED)",353,49
"LCD",376,49
"LCD",376,49
"LCD (LED)",305,49
"LCD (LED)",245,49
"LCD (LED)",277,49
"LCD (LED)",339,49
"LCD (LED)",284,49
"LCD (LED)",297,49
"LCD (LED)",251,49
"LCD (LED)",291,49
"LCD (LED)",262,49
"LCD (LED)",205,49
"LCD (LED)",247,49
"LCD (LED)",262,49
"LCD (LED)",220,49
"LCD (LED)",270,49
"LCD (LED)",196,49
"LCD (LED)",222,49
"LCD (LED)",255,49
"LCD (LED)",230,49
"LCD (LED)",244,49
"LCD (LED)",251,49
"LCD (LED)",305,49
"LCD (LED)",200,49
"LCD (LED)",230,49
"LCD (LED)",297,49
"LCD (LED)",284,50
"LCD",220,50
"LCD (LED)",276,50
"LCD (LED)",290,50
"LCD (LED)",260,50
"LCD",311,50
"LCD (LED)",254,50
"LCD (LED)",256,50
"LCD (LED)",280,50
"LCD (LED)",380,50
"LCD (LED)",380,50
"LCD (LED)",279,50
"LCD (LED)",345,50
"LCD (LED)",225,50
"LCD (LED)",284,50
"LCD (LED)",376,50
"LCD (LED)",253,50
"LCD (LED)",259,50
"LCD (LED)",210,50
"LCD (LED)",172,50
"LCD",203,50
"LCD (LED)",202,50
"LCD (LED)",210,50
"LCD (LED)",210,50
"LCD (LED)",353,50
"LCD (LED)",202,50
"LCD (LED)",210,50
"LCD (LED)",254,50
"LCD (LED)",269,50
"LCD (LED)",210,50
"LCD (LED)",280,50
"LCD (LED)",318,50
"LCD",374,50
"LCD (LED)",345,50
"LCD",267,50
"LCD (LED)",328,50
"LCD (LED)",343,50
"LCD",333,50
"LCD (LED)",330,50
"LCD",315,50
"LCD (LED)",269,50
"LCD (LED)",305,50
"LCD (LED)",330,50
"LCD (LED)",285,50
"LCD (LED)",285,50
"LCD (LED)",400,50
"LCD (LED)",460,50
"LCD (LED)",415,50
"LCD (LED)",210,50
"LCD (LED)",398,50
"LCD (LED)",381,50
"LCD (LED)",210,50
"LCD (LED)",317,50
"LCD (LED)",210,50
"LCD (LED)",306,50
"LCD (LED)",398,50
"LCD (LED)",400,50
"LCD (LED)",254,50
"LCD (LED)",370,50
"LCD (LED)",211,50
"LCD (LED)",227,50
"LCD",315,50
"LCD (LED)",395,50
"LCD (LED)",236,50
"LCD (LED)",317,50
"OLED",276,50
"LCD (LED)",400,50
"LCD (LED)",227,50
"LCD (LED)",386,50
"LCD (LED)",327,50
"LCD (LED)",250,50
"LCD (LED)",284,50
"LCD (LED)",284,50
"LCD (LED)",270,50
"LCD (LED)",375,50
"LCD (LED)",210,50
"LCD (LED)",224,50
"LCD (LED)",321,50
"LCD (LED)",224,50
"LCD (LED)",217,50
"LCD (LED)",368,50
"LCD (LED)",284,50
"LCD (LED)",239,50
"LCD (LED)",224,50
"LCD (LED)",285,50
"LCD (LED)",265,50
"LCD (LED)",221,50
"LCD (LED)",228,50
"LCD (LED)",295,50
"LCD (LED)",422,50
"LCD (LED)",349,50
"LCD",375,54
"LCD",254,54
"LCD",270,54
"LCD",270,54
"LCD",270,54
"LCD (LED)",378,55
"LCD (LED)",270,55
"LCD (LED)",370,55
"LCD (LED)",441,55
"LCD (LED)",260,55
"LCD (LED)",330,55
"OLED",654,55
"LCD (LED)",350,55
"LCD (LED)",260,55
"LCD (LED)",475,55
"LCD (LED)",267,55
"LCD (LED)",346,55
"LCD (LED)",346,55
"LCD (LED)",415,55
"LCD (LED)",357,55
"LCD (LED)",357,55
"OLED",389,55
"OLED",400,55
"OLED",400,55
"LCD",320,55
"LCD (LED)",370,55
"OLED",408,55
"OLED",408,55
"LCD (LED)",422,55
"LCD (LED)",335,55
"LCD (LED)",335,55
"LCD (LED)",411,55
"LCD (LED)",411,55
"LCD (LED)",422,55
"LCD (LED)",319,55
"LCD (LED)",411,55
"LCD (LED)",565,55
"LCD (LED)",503,55
"LCD (LED)",412,55
"OLED",342,55
"OLED",342,55
"LCD (LED)",267,55
"LCD (LED)",485,55
"LCD (LED)",543,55
"LCD (LED)",310,55
"LCD",294,55
"LCD (LED)",454,55
"LCD (LED)",487,55
"OLED",389,55
"LCD (LED)",313,55
"LCD (LED)",412,55
"LCD (LED)",320,55
"LCD (LED)",310,55
"LCD (LED)",408,55
"LCD (LED)",330,55
"LCD (LED)",440,55
"LCD (LED)",304,55
"OLED",829,55
"LCD (LED)",380,55
"LCD (LED)",303,55
"LCD (LED)",238,55
"LCD (LED)",468,55
"LCD (LED)",349,55
"LCD (LED)",422,55
"LCD (LED)",273,55
"LCD (LED)",320,55
"LCD (LED)",415,55
"LCD (LED)",339,55
"LCD (LED)",404,55
"LCD (LED)",726,55
"LCD (LED)",310,55
"LCD (LED)",537,55
"LCD (LED)",324,55
"LCD",430,55
"LCD (LED)",340,55
"OLED",424,55
"LCD (LED)",404,55
"LCD (LED)",202,55
"LCD (LED)",514,55
"LCD (LED)",312,55
"LCD (LED)",426,55
"LCD (LED)",295,55
"LCD (LED)",347,55
"LCD (LED)",426,55
"LCD (LED)",286,55
"LCD (LED)",423,55
"LCD (LED)",514,55
"LCD",415,55
"LCD (LED)",596,55
"LCD (LED)",335,55
"LCD (LED)",284,55
"LCD (LED)",381,55
"LCD (LED)",362,55
"LCD (LED)",371,55
"LCD",400,55
"LCD (LED)",247,55
"LCD (LED)",214,55
"LCD (LED)",422,55
"OLED",316,55
"OLED",316,55
"OLED",375,55
"OLED",349,55
"OLED",349,55
"LCD (LED)",419,55
"LCD (LED)",419,55
"LCD (LED)",346,55
"LCD (LED)",346,55
"LCD (LED)",360,55
"LCD (LED)",419,55
"LCD (LED)",423,55
"LCD (LED)",357,55
"LCD (LED)",419,55
"LCD (LED)",419,55
"LCD (LED)",416,55
"LCD",422,55
"LCD",422,55
"OLED",349,55
"OLED",349,55
"LCD (LED)",594,55
"LCD (LED)",514,55
"LCD (LED)",499,55
"LCD",321,55
"LCD",455,55
"LCD",455,55
"LCD (LED)",376,55
"LCD (LED)",467,55
"LCD (LED)",635,55
"LCD (LED)",817,55
"LCD (LED)",426,55
"OLED",387,55
"LCD (LED)",419,55
"LCD (LED)",580,55
"LCD (LED)",317,55
"LCD (LED)",471,55
"LCD (LED)",321,55
"LCD (LED)",285,55
"LCD (LED)",299,55
"LCD",256,55
"LCD (LED)",225,55
"LCD (LED)",360,55
"LCD (LED)",422,55
"LCD",385,55
"LCD (LED)",504,55
"LCD (LED)",320,55
"LCD (LED)",375,55
"LCD (LED)",375,55
"LCD (LED)",247,55
"LCD (LED)",320,55
"LCD (LED)",320,55
"LCD (LED)",587,55
"LCD (LED)",521,55
"LCD (LED)",349,55
"LCD (LED)",415,55
"OLED",354,55
"OLED",351,55
"OLED",395,55
"LCD",305,55
"LCD (LED)",424,55
"LCD",380,55
"LCD",380,55
"LCD (LED)",416,55
"LCD (LED)",381,55
"LCD (LED)",269,55
"LCD (LED)",293,55
"LCD (LED)",419,55
"OLED",349,55
"OLED",349,55
"LCD (LED)",330,55
"LCD (LED)",590,55
"LCD (LED)",295,55
"LCD (LED)",335,55
"LCD (LED)",380,55
"LCD (LED)",321,55
"LCD (LED)",380,55
"OLED",375,55
"OLED",375,55
"LCD (LED)",346,55
"LCD (LED)",400,55
"LCD (LED)",426,55
"OLED",829,55
"LCD (LED)",247,55
"LCD",380,55
"LCD (LED)",476,55
"LCD (LED)",430,55
"LCD (LED)",378,55
"LCD",380,55
"LCD",353,55
"LCD (LED)",247,55
"OLED",258,55
"LCD",350,55
"OLED",424,55
"OLED",319,55
"OLED",424,55
"LCD (LED)",190,55
"LCD (LED)",419,55
"LCD",272,55
"LCD (LED)",300,55
"LCD (LED)",324,55
"LCD (LED)",323,55
"LCD",330,55
"LCD (LED)",467,55
"LCD (LED)",339,55
"OLED",387,55
"LCD",272,55
"LCD",256,55
"OLED",354,55
"LCD (LED)",332,55
"LCD (LED)",320,55
"LCD (LED)",190,55
"LCD (LED)",450,55
"OLED",309,55
"OLED",309,55
"OLED",364,55
"OLED",364,55
"OLED",349,55
"OLED",349,55
"OLED",422,55
"OLED",422,55
"LCD",278,55
"LCD (LED)",346,55
"LCD (LED)",346,55
"LCD (LED)",321,55
"LCD (LED)",416,55
"LCD (LED)",396,55
"LCD (LED)",304,55
"LCD (LED)",357,55
"LCD (LED)",357,55
"LCD (LED)",361,55
"LCD (LED)",412,55
"LCD (LED)",412,55
"LCD (LED)",419,55
"LCD (LED)",357,55
"LCD (LED)",616,55
"LCD",272,55
"LCD",354,55
"LCD (LED)",477,55
"LCD (LED)",357,55
"LCD (LED)",416,55
"LCD",272,55
"OLED",365,55
"OLED",362,55
"LCD (LED)",416,55
"LCD (LED)",476,55
"LCD (LED)",532,55
"OLED",275,55
"LCD (LED)",364,55
"LCD (LED)",365,55
"OLED",385,55
"LCD (LED)",413,55
"LCD (LED)",551,55
"LCD (LED)",225,55
"LCD (LED)",357,55
"LCD (LED)",357,55
"LCD (LED)",269,55
"OLED",391,55
"LCD (LED)",338,55
"LCD (LED)",320,55
"OLED",400,55
"LCD (LED)",305,55
"LCD (LED)",651,55
"LCD (LED)",354,55
"LCD (LED)",309,55
"LCD (LED)",299,55
"LCD (LED)",240,55
"LCD (LED)",395,55
"LCD (LED)",302,55
"LCD (LED)",218,55
"LCD (LED)",339,55
"LCD (LED)",302,55
"LCD (LED)",459,55
"LCD (LED)",302,55
"LCD (LED)",331,55
"LCD (LED)",341,55
"LCD (LED)",309,55
"LCD (LED)",250,55
"LCD (LED)",320,55
"LCD (LED)",341,55
"LCD (LED)",339,55
"LCD (LED)",338,55
"LCD (LED)",338,55
"LCD (LED)",321,55
"LCD (LED)",338,55
"LCD (LED)",252,55
"LCD (LED)",299,55
"LCD",464,55
"LCD (LED)",295,55
"LCD",378,55
"LCD (LED)",181,55
"LCD (LED)",468,55
"LCD (LED)",299,55
"LCD (LED)",256,55
"LCD",358,55
"LCD (LED)",427,55
"LCD (LED)",272,55
"LCD (LED)",338,55
"LCD (LED)",346,55
"LCD (LED)",346,55
"OLED",368,55
"OLED",368,55
"OLED",422,55
"OLED",422,55
"LCD (LED)",419,55
"LCD (LED)",475,55
"LCD (LED)",470,55
"LCD (LED)",547,55
"LCD (LED)",320,55
"LCD (LED)",412,55
"LCD (LED)",273,55
"LCD (LED)",397,55
"LCD (LED)",357,55
"LCD (LED)",357,55
"LCD (LED)",357,55
"OLED",338,55
"OLED",338,55
"LCD (LED)",405,55
"LCD (LED)",397,55
"LCD (LED)",288,55
"LCD (LED)",412,55
"LCD (LED)",401,55
"LCD (LED)",437,55
"LCD (LED)",411,55
"LCD (LED)",440,55
"LCD (LED)",381,55
"LCD (LED)",401,55
"LCD (LED)",379,55
"OLED",368,55
"OLED",368,55
"LCD (LED)",291,55
"LCD (LED)",357,55
"LCD (LED)",367,55
"LCD (LED)",240,55
"OLED",372,55
"LCD",349,55
"LCD (LED)",381,55
"LCD (LED)",335,55
"LCD (LED)",427,55
"LCD (LED)",291,55
"LCD (LED)",328,55
"LCD (LED)",302,55
"LCD",301,55
"LCD (LED)",269,55
"LCD",277,55
"LCD (LED)",755,55
"OLED",380,55
"OLED",450,55
"LCD",277,55
"LCD (LED)",379,55
"LCD (LED)",339,55
"LCD (LED)",239,55
"OLED",378,55
"LCD (LED)",426,55
"LCD (LED)",375,55
"LCD (LED)",425,55
"LCD",426,55
"LCD (LED)",247,55
"LCD (LED)",319,55
"LCD (LED)",378,55
"LCD",323,55
"LCD (LED)",296,55
"LCD (LED)",357,55
"LCD (LED)",357,55
"LCD (LED)",357,55
"LCD",404,55
"LCD",340,55
"LCD",340,55
"LCD (LED)",181,55
"LCD (LED)",372,55
"LCD (LED)",304,55
"LCD (LED)",268,55
"LCD (LED)",379,55
"LCD (LED)",256,55
"LCD (LED)",379,55
"LCD (LED)",342,55
"LCD (LED)",411,55
"LCD (LED)",470,55
"LCD (LED)",256,55
"LCD (LED)",375,55
"LCD (LED)",280,55
"OLED",371,55
"OLED",371,55
"OLED",353,55
"OLED",353,55
"LCD (LED)",270,55
"LCD",339,55
"LCD",339,55
"OLED",341,55
"OLED",324,55
"OLED",324,55
"LCD (LED)",302,55
"LCD (LED)",302,55
"LCD (LED)",338,55
"LCD (LED)",338,55
"LCD (LED)",302,55
"LCD (LED)",302,55
"LCD (LED)",404,55
"LCD (LED)",320,55
"LCD (LED)",338,55
"LCD (LED)",247,55
"LCD (LED)",425,55
"LCD (LED)",380,55
"LCD (LED)",414,55
"LCD",349,55
"LCD",349,55
"LCD (LED)",408,55
"LCD (LED)",401,55
"LCD (LED)",397,55
"LCD (LED)",338,55
"LCD (LED)",284,55
"LCD (LED)",383,55
"LCD (LED)",401,55
"LCD (LED)",381,55
"LCD (LED)",405,55
"LCD (LED)",263,55
"LCD (LED)",394,55
"LCD (LED)",291,55
"LCD (LED)",394,55
"LCD (LED)",408,55
"LCD (LED)",310,55
"LCD (LED)",258,55
"LCD (LED)",334,55
"LCD (LED)",391,55
"LCD (LED)",412,55
"LCD (LED)",258,55
"LCD (LED)",259,55
"LCD (LED)",466,55
"LCD (LED)",302,55
"LCD (LED)",532,55
"LCD (LED)",338,55
"LCD (LED)",338,55
"LCD (LED)",305,55
"LCD (LED)",416,55
"OLED",391,55
"LCD (LED)",291,55
"LCD (LED)",261,55
"LCD (LED)",379,55
"LCD (LED)",280,55
"LCD (LED)",260,55
"LCD (LED)",304,55
"LCD (LED)",378,55
"LCD (LED)",316,55
"LCD (LED)",259,55
"LCD (LED)",441,55
"LCD (LED)",288,55
"LCD (LED)",422,55
"LCD (LED)",291,55
"LCD (LED)",260,55
"LCD",300,55
"LCD (LED)",399,55
"OLED",338,55
"LCD (LED)",299,55
"LCD (LED)",295,55
"LCD (LED)",200,55
"LCD (LED)",304,55
"LCD (LED)",530,55
"LCD",427,55
"LCD (LED)",304,55
"LCD (LED)",295,55
"LCD (LED)",251,55
"LCD (LED)",299,55
"LCD (LED)",513,55
"LCD (LED)",349,55
"LCD (LED)",338,55
"LCD (LED)",203,55
"LCD",530,55
"LCD (LED)",280,55
"LCD (LED)",334,55
"OLED",258,55
"OLED",281,55
"LCD (LED)",370,56
"LCD (LED)",298,57
"LCD (LED)",468,57
"LCD",337,57
"LCD",468,57
"LCD (LED)",346,57
"LCD (LED)",468,57
"LCD (LED)",298,57
"LCD (LED)",468,57
"LCD (LED)",468,57
"LCD (LED)",468,57
"LCD",275,57
"LCD",468,57
"LCD (LED)",448,57
"LCD (LED)",251,57
"LCD (LED)",349,57
"LCD (LED)",349,57
"LCD (LED)",343,58
"LCD (LED)",357,58
"LCD (LED)",322,58
"LCD (LED)",357,58
"LCD (LED)",336,58
"LCD (LED)",370,58
"LCD (LED)",370,58
"LCD (LED)",301,58
"LCD (LED)",370,58
"LCD (LED)",450,58
"LCD (LED)",450,58
"LCD (LED)",378,58
"LCD (LED)",450,58
"LCD (LED)",301,58
"LCD (LED)",335,58
"LCD (LED)",294,58
"LCD",346,58
"LCD (LED)",271,58
"LCD (LED)",465,58
"LCD (LED)",335,58
"LCD (LED)",410,58
"LCD (LED)",405,58
"LCD (LED)",299,58
"LCD",433,58
"LCD",331,58
"LCD (LED)",405,60
"LCD (LED)",430,60
"LCD (LED)",474,60
"LCD (LED)",507,60
"LCD",320,60
"LCD (LED)",383,60
"LCD",320,60
"LCD",296,60
"LCD",296,60
"LCD (LED)",504,60
"LCD",405,60
"LCD",316,60
"LCD",299,60
"LCD",299,60
"LCD",320,60
"LCD (LED)",300,60
"LCD (LED)",280,60
"LCD (LED)",250,60
"LCD (LED)",300,60
"LCD (LED)",520,64
"LCD (LED)",536,64
"LCD (LED)",499,64
"LCD (LED)",558,64
"LCD (LED)",565,64
"LCD (LED)",430,64
"LCD (LED)",1127,64
"LCD (LED)",1087,64
"LCD (LED)",426,64
"LCD (LED)",580,64
"LCD",382,64
"LCD (LED)",744,64
"LCD (LED)",580,64
"LCD (LED)",430,64
"LCD (LED)",543,64
"LCD (LED)",744,64
"LCD (LED)",426,64
"LCD (LED)",430,64
"LCD (LED)",580,64
"LCD (LED)",806,64
"LCD (LED)",506,64
"LCD (LED)",580,64
"LCD (LED)",459,64
"LCD (LED)",383,64
"LCD (LED)",430,64
"LCD (LED)",483,64
"LCD (LED)",400,64
"LCD",572,64
"LCD",370,64
"LCD (LED)",370,64
"LCD (LED)",572,64
"LCD (LED)",580,64
"LCD (LED)",410,64
"LCD (LED)",440,64
"LCD (LED)",726,64
"LCD (LED)",506,64
"LCD",725,64
"LCD (LED)",689,64
"LCD",512,64
"LCD",512,64
"LCD",512,64
"LCD (LED)",520,64
"LCD (LED)",220,64
"LCD",460,64
"LCD (LED)",579,64
"LCD (LED)",404,64
"LCD",348,64
"LCD (LED)",220,64
"LCD",358,64
"LCD (LED)",404,64
"LCD (LED)",520,64
"LCD (LED)",812,64
"LCD (LED)",315,64
"LCD (LED)",404,64
"LCD (LED)",404,64
"LCD (LED)",579,64
"LCD",358,64
"LCD (LED)",327,64
"LCD (LED)",809,64
"LCD (LED)",404,64
"LCD (LED)",464,64
"LCD",404,64
"LCD (LED)",440,64
"LCD (LED)",716,64
"LCD (LED)",350,64
"LCD (LED)",440,64
"LCD",358,64
"LCD (LED)",404,64
"LCD (LED)",371,64
"LCD (LED)",369,64
"LCD (LED)",415,64
"LCD (LED)",425,64
"LCD (LED)",576,64
"LCD (LED)",448,64
"LCD (LED)",460,64
"LCD",580,64
"LCD",580,64
"LCD (LED)",510,64
"LCD (LED)",320,64
"LCD (LED)",450,64
"LCD (LED)",640,64
"LCD (LED)",992,64
"LCD (LED)",320,64
"LCD (LED)",448,64
"LCD (LED)",634,64
"LCD",345,65
"LCD (LED)",348,65
"LCD",360,65
"LCD",813,65
"LCD (LED)",543,65
"LCD (LED)",433,65
"LCD (LED)",433,65
"OLED",459,65
"OLED",477,65
"OLED",477,65
"LCD (LED)",572,65
"LCD (LED)",572,65
"LCD (LED)",464,65
"OLED",481,65
"OLED",481,65
"LCD (LED)",448,65
"LCD (LED)",448,65
"LCD (LED)",1054,65
"LCD (LED)",528,65
"LCD (LED)",404,65
"LCD (LED)",404,65
"LCD (LED)",707,65
"LCD (LED)",707,65
"LCD (LED)",528,65
"LCD (LED)",399,65
"LCD (LED)",379,65
"LCD (LED)",528,65
"LCD (LED)",528,65
"LCD (LED)",528,65
"LCD (LED)",532,65
"OLED",433,65
"OLED",433,65
"OLED",565,65
"LCD (LED)",362,65
"LCD (LED)",514,65
"LCD (LED)",553,65
"LCD (LED)",590,65
"LCD",490,65
"LCD (LED)",370,65
"LCD (LED)",362,65
"LCD (LED)",485,65
"OLED",459,65
"LCD (LED)",385,65
"LCD (LED)",544,65
"LCD (LED)",458,65
"LCD (LED)",554,65
"LCD (LED)",371,65
"LCD",642,65
"OLED",1011,65
"LCD (LED)",295,65
"LCD",638,65
"LCD (LED)",492,65
"LCD (LED)",572,65
"OLED",517,65
"LCD (LED)",453,65
"LCD (LED)",440,65
"LCD (LED)",601,65
"LCD (LED)",805,65
"LCD (LED)",430,65
"LCD (LED)",510,65
"LCD",450,65
"LCD (LED)",367,65
"LCD (LED)",812,65
"LCD (LED)",371,65
"OLED",586,65
"LCD (LED)",520,65
"LCD (LED)",371,65
"LCD (LED)",510,65
"LCD (LED)",649,65
"LCD (LED)",422,65
"LCD (LED)",518,65
"LCD (LED)",367,65
"LCD (LED)",382,65
"LCD",467,65
"LCD (LED)",751,65
"LCD (LED)",725,65
"LCD (LED)",426,65
"LCD (LED)",381,65
"LCD (LED)",440,65
"LCD (LED)",369,65
"LCD (LED)",402,65
"LCD (LED)",433,65
"LCD (LED)",367,65
"LCD (LED)",367,65
"LCD",360,65
"LCD (LED)",370,65
"LCD (LED)",528,65
"LCD (LED)",416,65
"LCD (LED)",440,65
"OLED",393,65
"OLED",393,65
"OLED",462,65
"OLED",411,65
"OLED",411,65
"LCD (LED)",630,65
"LCD (LED)",528,65
"LCD (LED)",528,65
"LCD (LED)",433,65
"LCD (LED)",433,65
"LCD (LED)",543,65
"LCD (LED)",437,65
"LCD (LED)",437,65
"LCD (LED)",543,65
"LCD (LED)",386,65
"LCD (LED)",386,65
"LCD (LED)",551,65
"LCD (LED)",1120,65
"LCD (LED)",532,65
"OLED",400,65
"OLED",400,65
"LCD (LED)",580,65
"LCD (LED)",580,65
"LCD (LED)",478,65
"LCD (LED)",1135,65
"LCD (LED)",544,65
"LCD (LED)",744,65
"LCD (LED)",781,65
"LCD (LED)",755,65
"LCD (LED)",897,65
"LCD (LED)",492,65
"OLED",451,65
"LCD (LED)",555,65
"LCD (LED)",419,65
"LCD (LED)",557,65
"LCD (LED)",776,65
"LCD (LED)",776,65
"LCD (LED)",466,65
"LCD",396,65
"LCD (LED)",419,65
"LCD (LED)",430,65
"LCD (LED)",557,65
"LCD (LED)",520,65
"LCD (LED)",835,65
"OLED",507,65
"LCD (LED)",321,65
"LCD (LED)",321,65
"LCD (LED)",532,65
"LCD (LED)",661,65
"LCD (LED)",484,65
"LCD (LED)",484,65
"LCD",505,65
"LCD",505,65
"OLED",462,65
"LCD (LED)",569,65
"LCD (LED)",572,65
"OLED",460,65
"OLED",446,65
"OLED",490,65
"LCD (LED)",469,65
"LCD (LED)",437,65
"LCD (LED)",333,65
"LCD (LED)",532,65
"LCD (LED)",400,65
"LCD (LED)",365,65
"LCD (LED)",450,65
"LCD (LED)",422,65
"LCD (LED)",400,65
"LCD (LED)",464,65
"LCD (LED)",430,65
"OLED",462,65
"OLED",462,65
"LCD (LED)",419,65
"LCD (LED)",725,65
"LCD (LED)",518,65
"OLED",1011,65
"LCD (LED)",386,65
"LCD (LED)",638,65
"LCD",409,65
"OLED",320,65
"OLED",586,65
"OLED",369,65
"LCD (LED)",649,65
"OLED",459,65
"OLED",586,65
"LCD (LED)",543,65
"LCD",360,65
"LCD",370,65
"LCD (LED)",360,65
"LCD (LED)",544,65
"LCD (LED)",367,65
"OLED",451,65
"OLED",418,65
"LCD (LED)",535,65
"OLED",378,65
"OLED",378,65
"OLED",444,65
"OLED",444,65
"OLED",411,65
"OLED",411,65
"OLED",532,65
"OLED",532,65
"LCD (LED)",394,65
"LCD",542,65
"LCD (LED)",433,65
"LCD (LED)",433,65
"LCD (LED)",533,65
"LCD (LED)",569,65
"LCD (LED)",466,65
"LCD (LED)",466,65
"LCD (LED)",465,65
"LCD (LED)",503,65
"LCD (LED)",452,65
"LCD (LED)",963,65
"LCD (LED)",562,65
"LCD (LED)",532,65
"LCD (LED)",697,65
"LCD (LED)",466,65
"LCD (LED)",569,65
"LCD (LED)",1025,65
"LCD",554,65
"LCD (LED)",459,65
"LCD (LED)",459,65
"LCD",554,65
"LCD (LED)",530,65
"LCD (LED)",466,65
"LCD (LED)",793,65
"LCD (LED)",565,65
"OLED",457,65
"OLED",457,65
"LCD (LED)",569,65
"LCD",370,65
"LCD (LED)",481,65
"OLED",452,65
"LCD (LED)",523,65
"LCD (LED)",574,65
"LCD (LED)",466,65
"LCD (LED)",466,65
"LCD (LED)",333,65
"OLED",486,65
"LCD (LED)",459,65
"LCD (LED)",462,65
"LCD (LED)",419,65
"LCD (LED)",400,65
"OLED",463,65
"LCD (LED)",399,65
"LCD (LED)",902,65
"LCD (LED)",426,65
"LCD",858,65
"LCD (LED)",240,65
"LCD (LED)",459,65
"LCD (LED)",520,65
"LCD (LED)",465,65
"LCD (LED)",370,65
"LCD (LED)",520,65
"LCD (LED)",367,65
"LCD (LED)",409,65
"LCD (LED)",555,65
"LCD (LED)",540,65
"LCD (LED)",540,65
"LCD",477,65
"LCD (LED)",412,65
"LCD (LED)",372,65
"LCD",320,65
"LCD",456,65
"LCD (LED)",305,65
"LCD (LED)",426,65
"LCD (LED)",520,65
"LCD (LED)",520,65
"LCD (LED)",459,65
"LCD (LED)",207,65
"LCD (LED)",581,65
"LCD (LED)",543,65
"LCD",858,65
"LCD (LED)",463,65
"LCD",320,65
"LCD (LED)",352,65
"LCD (LED)",560,65
"LCD (LED)",959,65
"LCD (LED)",400,65
"LCD (LED)",400,65
"OLED",400,65
"OLED",400,65
"OLED",539,65
"OLED",539,65
"LCD (LED)",634,65
"LCD (LED)",492,65
"LCD (LED)",492,65
"LCD (LED)",317,65
"LCD (LED)",441,65
"LCD (LED)",441,65
"LCD (LED)",441,65
"LCD (LED)",433,65
"LCD (LED)",459,65
"OLED",448,65
"LCD (LED)",433,65
"LCD (LED)",459,65
"OLED",448,65
"LCD (LED)",540,65
"LCD (LED)",536,65
"LCD (LED)",562,65
"LCD (LED)",521,65
"LCD (LED)",565,65
"LCD (LED)",952,65
"LCD (LED)",528,65
"LCD (LED)",517,65
"LCD (LED)",419,65
"LCD (LED)",478,65
"LCD (LED)",554,65
"LCD (LED)",448,65
"LCD (LED)",511,65
"OLED",437,65
"OLED",630,65
"LCD (LED)",419,65
"LCD (LED)",560,65
"LCD (LED)",468,65
"LCD (LED)",419,65
"LCD (LED)",463,65
"LCD",407,65
"LCD (LED)",532,65
"LCD (LED)",379,65
"LCD (LED)",422,65
"LCD (LED)",240,65
"LCD (LED)",422,65
"LCD (LED)",483,65
"OLED",515,65
"OLED",538,65
"LCD (LED)",416,65
"LCD (LED)",369,65
"LCD (LED)",952,65
"LCD (LED)",639,65
"LCD (LED)",580,65
"LCD",463,65
"OLED",459,65
"LCD (LED)",442,65
"LCD (LED)",569,65
"LCD (LED)",380,65
"LCD (LED)",448,65
"LCD (LED)",441,65
"LCD (LED)",441,65
"LCD (LED)",579,65
"LCD",465,65
"LCD (LED)",639,65
"LCD (LED)",207,65
"LCD (LED)",373,65
"LCD",540,65
"LCD (LED)",488,65
"LCD (LED)",371,65
"LCD (LED)",431,65
"LCD (LED)",645,65
"LCD (LED)",439,65
"LCD",340,65
"LCD (LED)",426,65
"LCD (LED)",400,65
"OLED",455,65
"OLED",455,65
"LCD (LED)",450,65
"LCD",416,65
"OLED",381,65
"OLED",389,65
"OLED",389,65
"LCD (LED)",386,65
"LCD (LED)",386,65
"LCD (LED)",433,65
"LCD (LED)",433,65
"LCD (LED)",360,65
"LCD (LED)",360,65
"LCD (LED)",450,65
"OLED",422,65
"OLED",422,65
"LCD (LED)",360,65
"LCD (LED)",462,65
"LCD (LED)",556,65
"LCD (LED)",515,65
"LCD (LED)",515,65
"LCD (LED)",908,65
"LCD (LED)",371,65
"LCD (LED)",541,65
"OLED",514,65
"OLED",514,65
"LCD (LED)",565,65
"LCD (LED)",416,65
"LCD (LED)",474,65
"LCD (LED)",532,65
"LCD (LED)",338,65
"LCD (LED)",722,65
"LCD (LED)",518,65
"LCD (LED)",503,65
"LCD (LED)",558,65
"LCD (LED)",1032,65
"LCD (LED)",565,65
"LCD (LED)",448,65
"LCD (LED)",514,65
"LCD (LED)",562,65
"LCD (LED)",430,65
"LCD (LED)",948,65
"LCD (LED)",422,65
"LCD (LED)",415,65
"LCD (LED)",481,65
"LCD (LED)",433,65
"LCD (LED)",678,65
"LCD (LED)",399,65
"LCD (LED)",465,65
"LCD (LED)",448,65
"LCD (LED)",433,65
"LCD (LED)",433,65
"LCD (LED)",416,65
"OLED",493,65
"LCD (LED)",499,65
"LCD (LED)",416,65
"LCD (LED)",416,65
"LCD (LED)",520,65
"LCD (LED)",520,65
"LCD (LED)",436,65
"LCD (LED)",520,65
"LCD (LED)",371,65
"LCD (LED)",406,65
"LCD (LED)",321,65
"LCD (LED)",405,65
"LCD (LED)",439,65
"LCD (LED)",416,65
"OLED",388,65
"LCD (LED)",490,65
"LCD (LED)",379,65
"LCD",390,65
"LCD (LED)",247,65
"LCD (LED)",450,65
"LCD (LED)",465,65
"LCD (LED)",740,65
"LCD",651,65
"LCD (LED)",390,65
"LCD (LED)",462,65
"LCD (LED)",350,65
"LCD (LED)",452,65
"LCD (LED)",696,65
"LCD (LED)",389,65
"LCD (LED)",433,65
"LCD (LED)",254,65
"LCD",640,65
"LCD (LED)",422,65
"LCD (LED)",450,65
"OLED",313,65
"OLED",360,65
"LCD (LED)",330,65
"LCD",391,66
"LCD (LED)",507,67
"LCD (LED)",532,69
"LCD (LED)",640,69
"LCD (LED)",640,69
"LCD (LED)",496,69
"LCD (LED)",422,70
"LCD",516,70
"LCD (LED)",660,70
"LCD (LED)",528,70
"LCD (LED)",565,70
"LCD (LED)",590,70
"LCD",405,70
"LCD (LED)",550,70
"LCD (LED)",572,70
"LCD (LED)",429,70
"LCD (LED)",561,70
"LCD (LED)",560,70
"LCD",515,70
"LCD (LED)",653,70
"LCD (LED)",580,70
"LCD",372,70
"LCD",405,70
"LCD (LED)",422,70
"LCD (LED)",589,70
"LCD",465,70
"LCD",612,70
"LCD (LED)",590,70
"LCD (LED)",667,70
"LCD",405,70
"LCD",395,70
"LCD (LED)",589,70
"LCD",420,70
"LCD",630,70
"LCD",695,70
"LCD (LED)",580,70
"LCD (LED)",457,70
"LCD",420,70
"LCD",532,70
"LCD (LED)",415,70
"LCD",395,70
"LCD (LED)",395,70
"LCD",561,70
"LCD (LED)",470,70
"LCD (LED)",364,70
"LCD",592,70
"LCD (LED)",538,70
"LCD (LED)",550,70
"LCD (LED)",532,70
"LCD (LED)",667,70
"LCD (LED)",481,70
"LCD (LED)",550,70
"LCD (LED)",400,70
"LCD (LED)",576,70
"LCD",530,70
"LCD",530,70
"LCD (LED)",538,70
"LCD (LED)",430,70
"LCD (LED)",550,70
"LCD (LED)",850,70
"LCD",397,70
"LCD",561,70
"LCD",397,70
"LCD",550,70
"LCD (LED)",690,70
"LCD (LED)",690,70
"LCD (LED)",400,70
"LCD (LED)",690,70
"LCD (LED)",397,70
"LCD",397,70
"LCD (LED)",397,70
"LCD (LED)",397,70
"LCD (LED)",397,70
"LCD",538,70
"LCD (LED)",430,70
"LCD (LED)",760,74
"LCD",485,74
"LCD",758,74
"LCD (LED)",485,74
"LCD (LED)",758,74
"LCD",811,74
"LCD",480,74
"LCD",811,74
"LCD",480,74
"LCD",480,74
"LCD",811,74
"LCD",478,75
"LCD (LED)",475,75
"LCD (LED)",750,75
"LCD (LED)",750,75
"LCD (LED)",720,75
"LCD (LED)",503,75
"LCD (LED)",503,75
"LCD (LED)",616,75
"LCD (LED)",616,75
"LCD (LED)",539,75
"LCD (LED)",539,75
"LCD (LED)",587,75
"LCD (LED)",605,75
"LCD (LED)",732,75
"LCD (LED)",732,75
"LCD (LED)",619,75
"LCD (LED)",619,75
"LCD (LED)",1174,75
"LCD (LED)",667,75
"LCD (LED)",667,75
"LCD (LED)",627,75
"LCD (LED)",686,75
"LCD (LED)",717,75
"LCD (LED)",1060,75
"LCD (LED)",1448,75
"LCD (LED)",1229,75
"LCD (LED)",605,75
"LCD (LED)",726,75
"LCD (LED)",525,75
"LCD (LED)",715,75
"LCD (LED)",758,75
"LCD (LED)",760,75
"LCD (LED)",536,75
"LCD (LED)",624,75
"LCD (LED)",750,75
"LCD (LED)",525,75
"LCD (LED)",750,75
"LCD (LED)",569,75
"LCD (LED)",760,75
"LCD (LED)",904,75
"LCD (LED)",594,75
"LCD (LED)",528,75
"LCD",763,75
"LCD (LED)",627,75
"LCD (LED)",886,75
"LCD (LED)",703,75
"LCD (LED)",684,75
"LCD (LED)",1190,75
"LCD (LED)",758,75
"LCD (LED)",659,75
"LCD (LED)",393,75
"LCD (LED)",683,75
"LCD (LED)",715,75
"LCD (LED)",569,75
"LCD (LED)",547,75
"LCD (LED)",404,75
"LCD (LED)",683,75
"LCD (LED)",758,75
"LCD (LED)",514,75
"LCD",810,75
"LCD (LED)",765,75
"LCD (LED)",451,75
"LCD (LED)",868,75
"LCD (LED)",682,75
"LCD (LED)",565,75
"LCD",667,75
"LCD (LED)",443,75
"LCD (LED)",785,75
"LCD (LED)",506,75
"LCD",756,75
"LCD (LED)",562,75
"LCD",592,75
"LCD",832,75
"LCD",638,75
"LCD (LED)",579,75
"LCD (LED)",579,75
"LCD (LED)",663,75
"LCD (LED)",663,75
"LCD (LED)",492,75
"LCD (LED)",492,75
"LCD (LED)",630,75
"LCD (LED)",576,75
"LCD (LED)",613,75
"LCD (LED)",777,75
"LCD (LED)",605,75
"LCD (LED)",605,75
"LCD (LED)",635,75
"LCD (LED)",897,75
"LCD (LED)",1240,75
"LCD (LED)",715,75
"LCD (LED)",619,75
"LCD (LED)",704,75
"LCD (LED)",1445,75
"LCD (LED)",978,75
"LCD (LED)",732,75
"LCD (LED)",462,75
"LCD (LED)",849,75
"LCD (LED)",849,75
"LCD (LED)",605,75
"LCD (LED)",1000,75
"LCD (LED)",576,75
"LCD (LED)",671,75
"LCD (LED)",630,75
"LCD (LED)",894,75
"LCD (LED)",515,75
"LCD (LED)",627,75
"LCD (LED)",826,75
"LCD (LED)",536,75
"LCD (LED)",587,75
"LCD (LED)",587,75
"LCD (LED)",527,75
"LCD (LED)",665,75
"LCD (LED)",1130,75
"LCD (LED)",489,75
"LCD",692,75
"LCD (LED)",576,75
"LCD (LED)",537,75
"LCD (LED)",605,75
"LCD (LED)",435,75
"LCD (LED)",610,75
"LCD (LED)",514,75
"LCD (LED)",810,75
"LCD (LED)",469,75
"LCD (LED)",599,75
"LCD (LED)",671,75
"LCD (LED)",477,75
"LCD",840,75
"LCD (LED)",955,75
"LCD (LED)",650,75
"LCD (LED)",605,75
"LCD (LED)",488,75
"LCD (LED)",650,75
"LCD",949,75
"LCD",949,75
"LCD (LED)",667,75
"LCD (LED)",469,75
"LCD (LED)",692,75
"LCD (LED)",492,75
"LCD (LED)",492,75
"LCD (LED)",682,75
"LCD (LED)",605,75
"LCD (LED)",589,75
"LCD (LED)",562,75
"LCD (LED)",580,75
"LCD (LED)",1069,75
"LCD (LED)",605,75
"LCD (LED)",744,75
"LCD (LED)",1244,75
"LCD (LED)",784,75
"LCD (LED)",711,75
"LCD (LED)",671,75
"LCD (LED)",789,75
"LCD (LED)",550,75
"LCD (LED)",550,75
"LCD (LED)",667,75
"LCD (LED)",605,75
"LCD (LED)",605,75
"LCD (LED)",894,75
"LCD (LED)",732,75
"LCD (LED)",1010,75
"LCD (LED)",956,75
"LCD (LED)",450,75
"LCD (LED)",617,75
"LCD (LED)",580,75
"LCD (LED)",459,75
"LCD (LED)",605,75
"LCD (LED)",605,75
"LCD (LED)",489,75
"LCD (LED)",550,75
"LCD (LED)",462,75
"LCD (LED)",477,75
"LCD (LED)",489,75
"LCD (LED)",510,75
"LCD (LED)",546,75
"LCD (LED)",258,75
"LCD (LED)",612,75
"LCD (LED)",764,75
"LCD (LED)",478,75
"LCD (LED)",575,75
"LCD (LED)",532,75
"LCD (LED)",432,75
"LCD (LED)",639,75
"LCD (LED)",599,75
"LCD (LED)",500,75
"LCD (LED)",719,75
"LCD (LED)",431,75
"LCD (LED)",398,75
"LCD (LED)",413,75
"LCD (LED)",510,75
"LCD (LED)",450,75
"LCD (LED)",1122,75
"LCD (LED)",670,75
"LCD (LED)",772,75
"LCD (LED)",656,75
"LCD (LED)",525,75
"LCD (LED)",682,75
"LCD (LED)",682,75
"LCD (LED)",690,75
"LCD (LED)",576,75
"LCD (LED)",985,75
"LCD (LED)",462,75
"LCD (LED)",462,75
"LCD (LED)",474,75
"LCD (LED)",412,75
"LCD (LED)",737,75
"LCD (LED)",605,75
"LCD (LED)",605,75
"LCD (LED)",492,75
"LCD (LED)",550,75
"LCD (LED)",474,75
"LCD (LED)",492,75
"LCD (LED)",550,75
"LCD (LED)",726,75
"LCD (LED)",576,75
"LCD (LED)",1047,75
"LCD (LED)",697,75
"LCD (LED)",663,75
"LCD (LED)",529,75
"LCD (LED)",653,75
"LCD (LED)",456,75
"LCD (LED)",503,75
"LCD (LED)",659,75
"LCD (LED)",660,75
"LCD (LED)",878,75
"LCD (LED)",598,75
"LCD",811,75
"LCD (LED)",681,75
"LCD (LED)",515,75
"LCD (LED)",925,75
"LCD (LED)",460,75
"LCD (LED)",550,75
"LCD (LED)",462,75
"LCD (LED)",690,75
"LCD (LED)",503,75
"LCD (LED)",488,75
"LCD (LED)",389,75
"LCD (LED)",648,75
"LCD (LED)",609,75
"LCD (LED)",547,75
"LCD (LED)",489,75
"LCD (LED)",1178,75
"LCD (LED)",683,75
"LCD (LED)",680,75
"LCD (LED)",605,75
"LCD",490,75
"LCD (LED)",720,75
"LCD (LED)",446,75
"LCD (LED)",598,75
"LCD (LED)",605,75
"LCD (LED)",605,75
"LCD",610,75
"LCD",600,75
"LCD (LED)",500,75
"LCD (LED)",643,75
"LCD (LED)",477,75
"LCD (LED)",608,75
"LCD",608,75
"LCD (LED)",605,75
"LCD (LED)",605,75
"LCD (LED)",389,75
"LCD (LED)",389,75
"LCD (LED)",389,75
"LCD (LED)",580,75
"LCD (LED)",667,75
"LCD (LED)",466,75
"LCD (LED)",389,75
"LCD (LED)",755,75
"LCD (LED)",600,75
"LCD",811,75
"LCD",811,75
"LCD (LED)",561,75
"LCD (LED)",561,75
"LCD (LED)",824,75
"LCD (LED)",451,75
"LCD (LED)",719,75
"LCD (LED)",572,75
"LCD (LED)",992,75
"LCD (LED)",554,75
"LCD (LED)",565,75
"LCD (LED)",664,75
"LCD (LED)",748,75
"LCD (LED)",609,75
"LCD (LED)",693,75
"LCD (LED)",525,75
"LCD (LED)",502,75
"LCD (LED)",389,75
"LCD (LED)",650,75
"LCD (LED)",1043,75
"LCD (LED)",653,75
"LCD (LED)",547,75
"LCD (LED)",460,75
"LCD (LED)",806,75
"LCD (LED)",479,75
"LCD (LED)",579,75
"LCD (LED)",489,75
"LCD (LED)",1244,75
"LCD",485,75
"LCD (LED)",499,75
"LCD (LED)",400,75
"LCD (LED)",489,75
"LCD (LED)",679,75
"LCD (LED)",605,75
"LCD (LED)",605,75
"LCD",532,75
"LCD (LED)",548,75
"LCD (LED)",542,75
"LCD (LED)",531,75
"LCD (LED)",413,75
"LCD (LED)",345,75
"LCD (LED)",492,75
"LCD (LED)",539,75
"LCD (LED)",489,75
"LCD (LED)",499,75
"LCD (LED)",590,75
"LCD (LED)",514,75
"LCD",495,75
"LCD (LED)",543,75
"LCD (LED)",682,75
"LCD (LED)",547,75
"LCD (LED)",451,75
"LCD (LED)",434,75
"LCD (LED)",646,75
"LCD (LED)",685,75
"LCD",485,75
"LCD (LED)",539,75
"LCD (LED)",501,75
"LCD (LED)",751,75
"OLED",395,76
"OLED",638,77
"OLED",638,77
"OLED",619,77
"OLED",619,77
"OLED",995,77
"LCD (LED)",693,77
"OLED",513,77
"OLED",513,77
"OLED",557,77
"OLED",557,77
"OLED",462,77
"OLED",629,77
"OLED",959,77
"OLED",687,77
"OLED",572,77
"OLED",572,77
"OLED",629,77
"OLED",579,77
"OLED",579,77
"OLED",561,77
"OLED",561,77
"OLED",718,77
"OLED",718,77
"OLED",871,77
"LCD (LED)",806,77
"OLED",672,77
"LCD (LED)",653,77
"OLED",546,77
"OLED",791,77
"LCD (LED)",653,77
"OLED",714,77
"OLED",714,77
"LCD (LED)",791,77
"OLED",524,77
"OLED",565,77
"OLED",524,77
"OLED",565,77
"LCD (LED)",642,77
"OLED",806,77
"OLED",562,77
"OLED",625,77
"OLED",833,77
"OLED",540,77
"OLED",597,77
"OLED",597,77
"OLED",561,77
"OLED",561,77
"OLED",495,77
"OLED",495,77
"LCD (LED)",507,77
"LCD (LED)",638,77
"OLED",667,77
"OLED",654,77
"OLED",654,77
"LCD (LED)",791,77
"OLED",413,77
"OLED",553,77
"OLED",798,78
"LCD (LED)",733,81
"LCD (LED)",773,82
"LCD (LED)",651,82
"LCD",630,82
"OLED",732,83
"OLED",732,83
"OLED",656,83
"OLED",656,83
"OLED",663,83
"OLED",663,83
"OLED",656,83
"OLED",656,83
"OLED",663,83
"OLED",663,83
"OLED",765,83
"OLED",776,83
"LCD (LED)",704,83
"OLED",795,83
"OLED",795,83
"OLED",707,83
"OLED",707,83
"LCD (LED)",795,83
"OLED",886,83
"OLED",692,83
"OLED",692,83
"OLED",692,83
"OLED",692,83
"LCD (LED)",791,83
"OLED",785,83
"OLED",785,83
"LCD (LED)",682,83
"LCD (LED)",908,83
"OLED",554,83
"OLED",554,83
"LCD (LED)",645,85
"LCD (LED)",806,85
"LCD (LED)",729,85
"LCD (LED)",1609,85
"LCD (LED)",1448,85
"LCD (LED)",704,85
"LCD (LED)",1520,85
"LCD (LED)",945,85
"LCD (LED)",882,85
"LCD",818,85
"LCD (LED)",952,85
"LCD (LED)",952,85
"LCD (LED)",1116,85
"LCD (LED)",824,85
"LCD (LED)",1088,85
"LCD (LED)",645,85
"LCD (LED)",698,85
"LCD",1170,85
"LCD",600,85
"LCD (LED)",740,85
"LCD (LED)",653,85
"LCD (LED)",817,85
"LCD (LED)",1423,85
"LCD (LED)",1113,85
"LCD (LED)",916,85
"LCD (LED)",869,85
"LCD (LED)",970,85
"LCD (LED)",1605,85
"LCD (LED)",715,85
"LCD (LED)",1233,85
"LCD (LED)",1076,85
"LCD",600,85
"LCD (LED)",875,85
"LCD",600,85
"LCD",600,85
"LCD (LED)",728,85
"LCD (LED)",941,85
"LCD (LED)",766,85
"LCD (LED)",868,85
"LCD",743,85
"LCD",610,85
"LCD (LED)",974,85
"LCD",834,85
"LCD (LED)",878,85
"LCD (LED)",635,85
"LCD (LED)",897,85
"LCD (LED)",755,85
"LCD (LED)",791,85
"LCD (LED)",948,85
"LCD (LED)",1365,85
"LCD (LED)",1109,85
"LCD (LED)",905,85
"LCD (LED)",1034,85
"LCD (LED)",744,85
"LCD (LED)",726,85
"LCD (LED)",532,85
"LCD (LED)",1170,85
"LCD (LED)",623,85
"LCD (LED)",897,85
"LCD (LED)",696,85
"LCD (LED)",1300,85
"LCD (LED)",732,85
"LCD (LED)",859,85
"LCD (LED)",975,85
"LCD (LED)",780,85
"LCD (LED)",481,85
"LCD (LED)",532,85
"LCD (LED)",773,85
"LCD (LED)",521,85
"LCD (LED)",838,85
"LCD (LED)",1076,85
"LCD (LED)",715,85
"LCD (LED)",733,85
"LCD (LED)",1645,85
"LCD (LED)",945,85
"LCD (LED)",806,85
"LCD (LED)",704,85
"LCD (LED)",788,85
"LCD (LED)",631,85
"LCD (LED)",525,85
"LCD (LED)",1090,85
"LCD (LED)",845,85
"LCD (LED)",1237,85
"LCD (LED)",1002,85
"LCD (LED)",974,85
"LCD (LED)",974,85
"LCD (LED)",940,85
"LCD (LED)",660,85
"LCD (LED)",525,85
"LCD (LED)",599,85
"LCD (LED)",829,85
"LCD (LED)",780,85
"LCD (LED)",696,85
"LCD (LED)",750,85
"LCD (LED)",969,85
"LCD",980,85
"LCD (LED)",722,85
"LCD (LED)",1079,85
"LCD (LED)",715,85
"LCD (LED)",1090,85
"LCD (LED)",840,85
"LCD (LED)",600,85
"LCD (LED)",868,85
"LCD (LED)",463,85
"LCD (LED)",768,85
"LCD (LED)",768,85
"LCD (LED)",797,85
"LCD (LED)",729,85
"LCD (LED)",1047,85
"LCD (LED)",773,85
"LCD (LED)",1317,85
"LCD (LED)",718,85
"LCD (LED)",908,85
"LCD (LED)",773,85
"LCD (LED)",806,85
"LCD (LED)",1208,85
"LCD (LED)",686,85
"LCD (LED)",740,85
"LCD (LED)",806,85
"LCD (LED)",826,85
"LCD (LED)",698,85
"LCD (LED)",759,85
"LCD (LED)",952,85
"LCD (LED)",688,85
"LCD (LED)",521,85
"LCD (LED)",980,85
"LCD (LED)",698,85
"LCD (LED)",863,85
"LCD (LED)",780,85
"LCD (LED)",666,85
"LCD (LED)",506,85
"LCD (LED)",624,85
"LCD (LED)",536,85
"LCD (LED)",618,85
"LCD (LED)",521,85
"LCD (LED)",602,85
"LCD (LED)",615,85
"LCD (LED)",937,86
"LCD (LED)",937,86
"LCD (LED)",882,86
"LCD (LED)",937,86
"LCD (LED)",937,86
"LCD (LED)",915,86
"LCD (LED)",915,86
"LCD (LED)",915,86
"LCD (LED)",915,86
"LCD (LED)",1660,86
"LCD (LED)",1280,86
"LCD (LED)",893,86
"LCD (LED)",776,86
"LCD (LED)",882,86
"LCD (LED)",674,86
"LCD (LED)",674,86
"LCD (LED)",915,86
"LCD (LED)",915,86
"LCD (LED)",915,86
"LCD (LED)",893,86
"LCD (LED)",725,86
"LCD (LED)",725,86
"LCD (LED)",915,86
"LCD (LED)",1200,86
"LCD (LED)",1200,86
"LCD (LED)",915,86
"LCD (LED)",754,86
"LCD (LED)",754,86
"LCD (LED)",988,86
"LCD (LED)",915,86
"LCD (LED)",980,86
"LCD (LED)",725,86
"LCD (LED)",725,86
"LCD (LED)",915,86
"LCD (LED)",754,86
"LCD (LED)",754,86
"LCD (LED)",915,86
"LCD (LED)",915,86
"LCD (LED)",915,86
"LCD (LED)",915,86
"LCD (LED)",754,86
"LCD",630,86
"LCD (LED)",815,86
"LCD (LED)",776,86
"LCD (LED)",776,86
"LCD (LED)",776,86
"LCD (LED)",754,86
"LCD (LED)",572,86
"LCD (LED)",572,86
"LCD (LED)",754,86
"LCD (LED)",915,86
"LCD (LED)",565,86
"LCD (LED)",565,86
"LCD (LED)",776,86
"LCD (LED)",776,86
"LCD (LED)",1117,86
"LCD (LED)",776,86
"LCD (LED)",776,86
"LCD (LED)",484,86
"LCD (LED)",484,86
"LCD (LED)",484,86
"LCD (LED)",506,86
"LCD (LED)",506,86
"LCD (LED)",963,86
"LCD (LED)",685,86
"LCD (LED)",685,86
"LCD (LED)",1163,86
"LCD (LED)",568,86
"LCD (LED)",730,86
"LCD (LED)",567,86
"OLED",1170,88
"OLED",1171,88
"OLED",1171,88
"OLED",1276,88
"OLED",1276,88
"OLED",802,97
"OLED",802,97
"LCD (LED)",1233,97
"LCD (LED)",1771,97
"LCD (LED)",1233,97
"OLED",944,97
"LCD (LED)",890,97
"OLED",802,97
"LCD (LED)",853,97
"OLED",802,97
"OLED",893,97
"OLED",893,97
"LCD (LED)",890,97
"LCD (LED)",909,97
"LCD (LED)",700,97
"OLED",835,97
"OLED",835,97
"OLED",926,97
"OLED",926,97
"LCD (LED)",769,97
"LCD (LED)",800,97
"LCD (LED)",1350,97
"LCD (LED)",1127,98
"LCD (LED)",1602,98
"LCD",823,98
"LCD (LED)",1028,98
"LCD (LED)",944,98
"LCD (LED)",1423,98
"LCD (LED)",1233,98
"LCD (LED)",1058,98
"LCD (LED)",872,98
"LCD (LED)",1233,98
"LCD (LED)",937,98
"LCD (LED)",1215,98
"LCD (LED)",999,98
"LCD (LED)",1284,98
"LCD (LED)",1233,98
"LCD (LED)",1434,98
"LCD (LED)",1215,98
"LCD (LED)",886,98
"LCD (LED)",1306,98
"LCD (LED)",1310,98
"LCD (LED)",955,100
"LCD (LED)",1190,100
"LCD (LED)",1070,100
"LCD (LED)",999,100
"LCD (LED)",1497,100
"OLED",1670,100
"LCD (LED)",952,100
"LCD (LED)",952,100
"LCD (LED)",1032,100
"LCD (LED)",1201,100
"LCD (LED)",888,100
"LCD (LED)",955,100
"LCD (LED)",988,100
"LCD (LED)",1028,100
"LCD (LED)",1058,100
"LCD (LED)",2652,114
"LCD (LED)",1100,114
"LCD (LED)",1565,114
"LCD (LED)",1148,116
